{"PUNJAB": ["Abohar", "Amritsar", "Barnala", "Batala", "Bathinda", "Firozpur", "Hoshiarpur", "Jalandhar", "Khanna", "Ludhiana", "Malerkotla", "Moga", "Muktsar", "Pathankot", "Patiala", "S.A.S. Nagar"], "MAHARASHTRA": ["Achalpur", "Ahmadnagar", "Akola", "Ambarnath", "Amravati", "Aurangabad", "Badlapur", "Barshi", "Bhiwandi", "Bhusawal", "Bid", "Chandrapur", "Dhule", "Gondiya", "Greater Mumbai", "Hinganghat", "Ichalkaranji", "Jalgaon", "Jalna", "Kolhapur", "Latur", "Malegaon", "Mira Bhayander", "Nagpur", "Nanded Waghala", "Nandurbar", "Nashik", "Navi Mumbai", "Navi Mumbai Panvel Raigarh", "Osmanabad", "Panvel", "Parbhani", "Pimpri Chinchwad", "Pune", "Sangli Miraj Kupwad", "Satara", "Solapur", "Thane", "Udgir", "Ulhasnagar", "Vasai Virar City", "Wardha", "Yavatmal"], "ANDHRA PRADESH": ["Adilabad", "Adoni", "Anantapur", "Bhimavaram", "Chilakaluripet", "Chittoor", "Dharmavaram", "Eluru", "Greater Hyderabad", "Gudivada", "Guntakal", "Guntur", "Hindupur", "Kadapa", "Kakinada", "Karimnagar", "Khammam", "Kurnool", "Machilipatnam", "Madanapalle", "Mahbubnagar", "Miryalaguda", "Nalgonda", "Nandyal", "Narasaraopet", "Nellore", "Nizamabad", "Ongole", "Proddatur", "Rajahmundry", "Ramagundam", "Secunderabad", "Srikakulam", "Suryapet", "Tadepalligudem", "Tadpatri", "Tenali", "Tirupati", "Vijayawada", "Visakhapatnam", "Vizianagaram", "Warangal"], "JHARKHAND": ["Adityapur", "Bokaro Steel City", "Chas", "Deoghar", "Dhanbad", "Giridih", "Hazaribag", "Jamshedpur", "Mango", "Ranchi"], "TRIPURA": ["Agartala"], "UTTAR PRADESH": ["Agra", "Akbarpur", "Aligarh", "Allahabad", "Amroha", "Azamgarh", "Bahraich", "Ballia", "Banda", "Baraut", "Bareilly", "Basti", "Budaun", "Bulandshahr", "Chandausi", "Deoria", "Etah", "Etawah", "Faizabad", "Farrukhabad-cum-Fatehgarh", "Fatehpur", "Firozabad", "Ghazipur", "Gonda", "Gorakhpur", "Greater Noida", "Hapur", "Hardoi", "Hathras", "Jaunpur", "Jhansi", "Kanpur", "Kanpur City", "Kasganj", "Khora", "Khurja", "Lakhimpur", "Lalitpur", "Loni", "Lucknow", "Mainpuri", "Mathura", "Maunath Bhanjan", "Meerut", "Mirzapur-cum-Vindhyachal", "Modinagar", "Moradabad", "Mughalsarai", "Muzaffarnagar", "Noida", "Orai", "Pilibhit", "Rae Bareli", "Rampur", "Saharanpur", "Sambhal", "Shahjahanpur", "Shamli", "Shikohabad", "Sitapur", "Sultanpur", "Unnao", "Varanasi"], "GUJARAT": ["Ahmadabad", "Amreli", "Anand", "Bharuch", "Bhavnagar", "Bhuj", "Botad", "Deesa", "Gandhidham", "Gandhinagar", "Godhra", "Gondal", "Jamnagar", "Jetpur Navagadh", "Junagadh", "Kalol", "Mahesana", "Morvi", "Nadiad", "Navsari", "Palanpur", "Patan", "Porbandar", "Rajkot", "Surat", "Surendranagar Dudhrej", "Vadodara", "Valsad", "Veraval"], "MIZORAM": ["Aizawl"], "RAJASTHAN": ["Ajmer", "Alwar", "Banswara", "Baran", "Beawar", "Bharatpur", "Bhilwara", "Bhiwadi", "Bikaner", "Bundi", "Chittaurgarh", "Churu", "Dhaulpur", "Ganganagar", "Gangapur City", "Hanumangarh", "Hindaun", "Jaipur", "Jhunjhunun", "Jodhpur", "Kishangarh", "Kota", "Nagaur", "Pali", "Sawai Madhopur", "Sikar", "Sujangarh", "Tonk", "Udaipur"], "TAMIL NADU": ["Alandur", "Ambattur", "Ambur", "Avadi", "Chennai", "Coimbatore", "Cuddalore", "Dindigul", "Erode", "Hosur", "Kancheepuram", "Karaikkudi", "Kumbakonam", "Kurichi", "Madavaram", "Madurai", "Nagapattinam", "Nagercoil", "Neyveli", "Pallavaram", "Pudukkottai", "Rajapalayam", "Salem", "Tambaram", "Thanjavur", "Thoothukkudi", "Tiruchirappalli", "Tirunelveli", "Tiruppur", "Tiruvannamalai", "Tiruvottiyur", "Vellore"], "KERALA": ["Alappuzha", "Kochi", "Kollam", "Kozhikode", "Palakkad", "Thiruvananthapuram", "Thrissur"], "HARYANA": ["Ambala", "Ambala Sadar", "Bahadurgarh", "Bhiwani", "Faridabad", "Gurgaon", "Hisar", "Jagadhri", "Jind", "Kaithal", "Karnal", "Palwal", "Panchkula", "Panipat", "Rewari", "Rohtak", "Sirsa", "Sonipat", "Thanesar", "Yamunanagar"], "CHHATTISGARH": ["Ambikapur", "Bhilai Nagar", "Bilaspur", "Durg", "Jagdalpur", "Korba", "Raigarh", "Raipur", "Rajnandgaon"], "JAMMU & KASHMIR": ["Anantnag", "Jammu", "Srinagar"], "BIHAR": ["Arrah", "Aurangabad", "Bagaha", "Begusarai", "Bettiah", "Bhagalpur", "Biharsharif", "Buxar", "Chapra", "Darbhanga", "Dehri", "Dinapur Nizamat", "Gaya", "Hajipur", "Jamalpur", "Jehanabad", "Katihar", "Kishanganj", "Motihari", "Munger", "Muzaffarpur", "Patna", "Purnia", "Saharsa", "Sasaram", "Siwan"], "WEST BENGAL": ["Asansol", "Ashoknagar Kalyangarh", "Baharampur", "Baidyabati", "Bally", "Bally City", "Balurghat", "Bankura", "Bansberia", "Baranagar", "Barasat", "Barddhaman", "Barrackpur", "Basirhat", "Bhadreswar", "Bhatpara", "Bidhan Nagar", "Bongaon", "Champdani", "Chandannagar", "Dabgram", "Darjiling", "Dum Dum", "Durgapur", "English Bazar", "Habra", "Haldia", "Halisahar", "Haora", "Hugli-Chinsurah", "Jalpaiguri", "Jamuria", "Kalyani", "Kamarhati", "Kanchrapara", "Kharagpur", "Khardaha", "Kolkata", "Krishnanagar", "Kulti", "Madhyamgram", "Maheshtala", "Medinipur", "Nabadwip", "Naihati", "North Barrackpur", "North Dum Dum", "Panihati", "Puruliya", "Raiganj", "Rajarhat Gopalpur", "Rajpur Sonarpur", "Raniganj", "Rishra", "Santipur", "Serampore", "Siliguri", "South Dum Dum", "Titagarh", "Uluberia", "Uttarpara Kotrung"], "KARNATAKA": ["Bagalkot", "Belgaum", "Bellary", "Bengaluru", "Bhadravati", "Bidar", "Bijapur", "Chikmagalur", "Chitradurga", "Davanagere", "Gadag-Betigeri", "Gangawati", "Gulbarga", "Hassan", "Hospet", "Hubli-Dharwad", "Kolar", "Mandya", "Mangalore", "Mysore", "Raichur", "Ranibennur", "Robertson Pet", "Shimoga", "Tumkur", "Udupi"], "ORISSA": ["Baleshwar Town", "Baripada Town", "Bhadrak", "Bhubaneswar Town", "Brahmapur Town", "Cuttack", "Puri", "Raurkela Industrial Township", "Raurkela Town", "Sambalpur"], "MADHYA PRADESH": ["Betul", "Bhind", "Bhopal", "Burhanpur", "Chhattarpur", "Chhindwara", "Damoh", "Datia", "Dewas", "Guna", "Gwalior", "Hoshangabad", "Indore", "Jabalpur", "Khandwa", "Khargone", "Mandsaur", "Morena", "Murwara", "Nagda", "Neemuch", "Pithampur", "Ratlam", "Rewa", "Sagar", "Satna", "Sehore", "Seoni", "Shivpuri", "Singrauli", "Ujjain", "Vidisha"], "NCT OF DELHI": ["Bhalswa Jahangir Pur", "Burari", "Dallo Pura", "Delhi", "Delhi Cantonment", "Deoli", "Gokal Pur", "Hastsal", "Karawal Nagar", "Kirari Suleman Nagar", "Mandoli", "Mustafabad", "Nangloi Jat", "New Delhi", "Sultan Pur Majra"], "CHANDIGARH": ["Chandigarh"], "UTTARAKHAND": ["Dehradun", "Haldwani-cum-Kathgodam", "Hardwar", "Kashipur", "Roorkee", "Rudrapur"], "ASSAM": ["Dibrugarh", "Guwahati", "Nagaon", "Silchar"], "NAGALAND": ["Dimapur"], "MANIPUR ": ["Imphal"], "PUDUCHERRY": ["Ozhukarai", "Puducherry"], "ANDAMAN & NICOBAR ISLANDS": ["Port Blair"], "MEGHALAYA": ["Shillong"], "HIMACHAL PRADESH": ["Shimla"]}